title,price,link_item,index,discount,sales,category
Máy Xay Thịt Cối Thủy Tinh BST-3124 - Hàng Chính Hãng,549.000₫,https://tiki.vn/may-xay-thit-coi-thuy-tinh-bst-3124-hang-chinh-hang-p247194225.html?spid=247194329,1,-2%,Đã bán 3,dodungnhabep
[LINH KIỆN] Mâm đầu đốt bếp gas sen chia lửa chén đồng Fujishi - Hàng chính hãng,29.000₫,https://tiki.vn/linh-kien-mam-dau-dot-bep-gas-sen-chia-lua-chen-dong-fujishi-hang-chinh-hang-p204317883.html?spid=204317884,2,-14%,Đã bán 8,dodungnhabep
Nồi Chiên Không Dầu Đối Lưu tỏa nhiệt AF6001 13L Đa Năng - Hàng nhập khẩu,695.000₫,https://tiki.vn/noi-chien-khong-dau-camel-13l-da-nang-chong-dinh-toa-nhiet-doi-luu-p272624419.html?spid=272624425,3,,Đã bán 1,dodungnhabep
"Bếp từ đơn Sunhouse SHD6160, Tặng kèm nồi lẩu D26 siêu tiện dụng, Phím bấm điện tử hiển thị tiếng Việt dễ dàng sử dụng- Hàng Chính Hãng",633.000,https://tiki.vn/bep-tu-don-sunhouse-shd6160-tang-kem-noi-lau-d26-sieu-tien-dung-phim-bam-dien-tu-hien-thi-tieng-viet-de-dang-su-dung-hang-chinh-hang-p205632153.html?spid=263802773,4,-37%,Đã bán 4,dodungnhabep
,,https://tiki.vn/may-xay-thit-coi-inox-dung-tich-2l-may-xay-da-nang-4-luoi-co-the-dung-xay-hanh-toi-xay-tieu-hoac-cac-loai-thuc-pham-khac-p73367511.html?spid=117974779,5,-39%,,dodungnhabep
Ấm Siêu Tốc Điện Inox 2 Lớp 1.8L IVIAIVIA COOK MM-ST185 - Màu Ngẫu Nhiên - Hàng Chính Hãng,191.000₫,https://tiki.vn/am-sieu-toc-dien-inox-2-lop-1-8l-iviaivia-cook-mm-st185-mau-ngau-nhien-hang-chinh-hang-p162250580.html?spid=162250581,6,,Đã bán 18,dodungnhabep
Ấm đun siêu tốc Sunhouse 1.7L SHD1217 - Hàng chính hãng,550.000₫,https://tiki.vn/am-dun-sieu-toc-sunhouse-1-7l-shd1217-hang-chinh-hang-p198741384.html?spid=198741385,7,-5%,Đã bán 4,dodungnhabep
Máy sấy hoa quả Tiross TS9683 - Hàng chính hãng,2.790.000₫,https://tiki.vn/may-say-hoa-qua-tiross-ts9683-hang-chinh-hang-p77711503.html?spid=85671572,8,-4%,,dodungnhabep
Máy Pha Cà Phê Espresso Tiross TS6211 (15bar) - Hàng Chính Hãng,2.350.000,https://tiki.vn/may-pha-ca-phe-espresso-tiross-ts6211-15bar-hang-chinh-hang-p25169566.html?spid=88808641,9,-20%,Đã bán 1,dodungnhabep
,,https://tiki.vn/may-khu-trung-tiet-trung-loai-bo-vi-khuan-va-thuoc-tru-sau-may-khu-trung-nano-hoa-qua-thuc-pham-an-toan-cho-gia-dinh-chinh-hang-miniin-p188785717.html?spid=188785718,10,-42%,,dodungnhabep
Nồi chiên không dầu 9 lít Sunhouse SHD4036 - Hàng chính hãng,2.070.000₫,https://tiki.vn/noi-chien-khong-dau-9-lit-sunhouse-shd4036-hang-chinh-hang-p263066806.html?spid=272452659,11,-5%,Đã bán 2,dodungnhabep
"Nồi cơm điện mini Lebenlang , kiểu dáng sang trọng, màu sắc đa dạng, bảo hành 24 tháng - hàng chính hãng",548.000,https://tiki.vn/noi-com-dien-mini-lebenlang-kieu-dang-sang-trong-mau-sac-da-dang-bao-hanh-24-thang-hang-chinh-hang-p273287204.html?spid=273287218,12,,Đã bán 2,dodungnhabep
,,https://tiki.vn/am-sieu-toc-inox-tu-ngat-tekkin-ti-2848-dung-tich-lon-2-3l-dung-tich-su-dung-1-8l-p272104309.html?spid=272104310,13,-50%,,dodungnhabep
Máy đánh sữa tạo bọt cafe AHAHOME có giá đỡ bằng thép không gỉ đa năng dễ sử dụng MDS01 Chính Hãng,89.000₫,https://tiki.vn/may-danh-sua-tao-bot-cafe-ahahome-co-gia-do-bang-thep-khong-gi-da-nang-de-su-dung-mds01-p188376785.html?spid=188376786,14,,Đã bán 41,dodungnhabep
Máy xay thịt đa năng cối inox Ranbem 224A Hàng nhập khẩu,379.000₫,https://tiki.vn/may-xay-thit-da-nang-coi-inox-ranbem-224a-hang-nhap-khau-p68053770.html?spid=68053771,15,,Đã bán 21,dodungnhabep
Máy Xay Cà Phê Cầm Tay GEVI GECGI140-B (50Gr- 150W) - Hàng Chính Hãng,479.000₫,https://tiki.vn/may-xay-ca-phe-cam-tay-gevi-gecgi140-b-hang-chinh-hang-p194207783.html?spid=194207784,16,,Đã bán 136,dodungnhabep
"Máy nướng bánh mỳ, Máy làm nóng bánh mỳ",1.219.995,https://tiki.vn/may-nuong-banh-my-may-lam-nong-banh-my-p34499379.html?spid=191130136,17,,,dodungnhabep
,,https://tiki.vn/bep-hong-ngoai-sunhouse-shd6011-hang-chinh-hang-p126481835.html?spid=126481836,18,,,dodungnhabep
Máy Xay Hạt Cà Phê Espresso Thương Hiệu Shardor BD-CG015 (150W) - HÀNG NHẬP KHẨU,2.068.000₫,https://tiki.vn/may-xay-hat-ca-phe-espresso-thuong-hieu-shardor-bdcj015-150w-hang-nhap-khau-p181919800.html?spid=181919801,19,,Đã bán 1,dodungnhabep
"Máy đánh trứng trộn bột cầm tay Bear, 10 tốc độ, CS 300W, Anh Lam Store - Hàng nhập khẩu",356.250₫,https://tiki.vn/may-danh-trung-tron-bot-cam-tay-bear-10-toc-do-cs-300w-anh-lam-store-p248703808.html?spid=248703810,20,,Đã bán 2,dodungnhabep
rơle nhiệt máy nước nóng,90.000₫,https://tiki.vn/role-nhiet-may-nuoc-nong-p251404783.html?spid=251404788,21,,Đã bán 3,dodungnhabep
Máy nướng bánh waffle,171.000₫,https://tiki.vn/may-nuong-banh-waffle-p214606835.html?spid=91640946,22,,Đã bán 41,dodungnhabep
"Ấm Siêu Tốc Inox 5L Fujika FJ-SD50 Công Suất 1500W Tiết Kiệm Điện Cho Quán,Nhà Hàng,Nhà Đông Người-Hàng Chính Hãng",248.000₫,https://tiki.vn/am-sieu-toc-inox-5l-fujika-fj-sd50-cong-suat-1500w-tiet-kiem-dien-cho-quan-nha-hang-nha-dong-nguoi-hang-chinh-hang-p73603606.html?spid=80960053,23,,Đã bán 345,dodungnhabep
Bình đun siêu tốc 1.5L Comet CM8215 - Hàng Chính Hãng,159.000₫,https://tiki.vn/binh-dun-sieu-toc-1-5l-comet-cm8215-hang-chinh-hang-p16391516.html?spid=16391517,24,,Đã bán 104,dodungnhabep
Nồi chiên ngập dầu kèm giá vớt,520.000,https://tiki.vn/noi-chien-ngap-dau-kem-gia-vot-p207964336.html?spid=207964337,25,,,dodungnhabep
,,https://tiki.vn/noi-lau-dien-sunhouse-shd4527-3-5l-hang-chinh-hang-p103379574.html?spid=182464725,26,,,dodungnhabep
Máy pha cà phê Espresso Tiross TS6212 - 15 bar [Model mới 2022] - Hàng chính hãng,3.150.000₫,https://tiki.vn/may-pha-ca-phe-espresso-tiross-ts6212-15-bar-model-moi-2022-hang-chinh-hang-p196086237.html?spid=263045339,27,,,dodungnhabep
Nồi Cơm Điện Kim Cương Nắp Gài 1.8 Lít 1.8L - Hàng Chính Hãng (Bảo Hành 12 Tháng) giao màu ngẫu nhiên,399.000₫,https://tiki.vn/noi-com-dien-kim-cuong-nap-gai-1-8-lit-1-8l-hang-chinh-hang-bao-hanh-12-thang-p118219549.html?spid=118219551,28,,Đã bán 50,dodungnhabep
Máy Đánh Trứng Cầm Tay 7 Tốc Độ Công Suất 180W,81.700₫,https://tiki.vn/may-danh-trung-cam-tay-7-toc-do-cong-suat-180w-p52049251.html?spid=154260671,29,,,dodungnhabep
"Lò vi sóng Toshiba ER-SM20(W1)VN - Dung tích 20L - Công suất 800W - Xuất xứ Thái Lan - Chức năng hẹn giờ lên đến 35 phút Cài đặt rã đông theo trọng lượng Có bảng điều khiển bằng Tiếng Việt . Hàng chính hãng, bảo hành 12 tháng, chất lượng Nhật Bản",1.579.000,https://tiki.vn/nhap-xmas2150k-giam-50k-lo-vi-song-toshiba-er-sm20-w1-vn-dung-tich-20l-cong-suat-800w-xuat-xu-thai-lan-chuc-nang-hen-gio-len-den-35-phut-cai-dat-ra-dong-theo-trong-luong-co-bang-dieu-khien-bang-tieng-viet-hang-chinh-hang-bao-hanh-12-thang-cha-t-luo-ng-nha-t-ba-n-p272935690.html?spid=272935691,30,,Đã bán 1,dodungnhabep
,,https://tiki.vn/noi-chien-khong-dau-sunhouse-shd4026-6l-p149146280.html?spid=197708757,31,,,dodungnhabep
NỒI ÁP SUẤT ĐIỆN ĐA NĂNG SUNHOUSE SHD1552 - Bảo hành 12 tháng -Hàng Chính Hãng,868.000₫,https://tiki.vn/noi-ap-suat-dien-da-nang-sunhouse-shd1552-bao-hanh-12-thang-hang-chinh-hang-p205632161.html?spid=205632162,32,,Đã bán 7,dodungnhabep
Bếp gas du lịch dã ngoại mini xếp gọn,99.000₫,https://tiki.vn/bep-gas-du-lich-da-ngoai-mini-xep-gon-p38113159.html?spid=59154083,33,,Đã bán 67,dodungnhabep
"Nồi Nấu Cháo Chậm GT68 Hàng Nhập Khẩu Nồi Ninh, Hầm, Hấp Cách Thủy 4 in 1, Nồi Đa Năng, Nồi Nấu Cháo Cho Bé Ăn Dặm",259.000₫,https://tiki.vn/noi-nau-chao-cham-seka-gt68-noi-ninh-ham-hap-cach-thuy-4-in-1-noi-da-nang-noi-nau-chao-cho-be-an-dam-bh-chinh-hang-p199254134.html?spid=199254136,34,,Đã bán 14,dodungnhabep
"[HÀNG CHÍNH HÃNG] Máy ép nhanh công nghiệp 1000W cao cấp Osako EP-610 moto đồng, ép kiệt, nhuyễn",1.910.000,https://tiki.vn/hang-chinh-hang-may-ep-nhanh-cong-nghiep-1000w-cao-cap-osako-moto-dong-ep-kiet-nhuyen-p272236332.html?spid=272236333,35,,Đã bán 1,dodungnhabep
,,https://tiki.vn/o-nguon-jack-am-3-chan-noi-com-dien-loai-tot-p202025215.html?spid=202025216,36,,,dodungnhabep
Máy pha cafe SMEG ECF01PGEU Hàng Chính Hãng,9.200.000₫,https://tiki.vn/may-pha-cafe-smeg-ecf01pgeu-hang-chinh-hang-p270066491.html?spid=270066492,37,,Đã bán 1,dodungnhabep
"Máy Ép Chậm OLIVO SJ189 Thương Hiệu Mỹ Vỏ Hợp Kim Cao Cấp, Trái Cây Ép Kiệt 98% Dung Tích 0.6 Lít Công Suất 400W - Hàng Chính Hãng",6.239.000₫,https://tiki.vn/may-ep-cham-olivo-sj189-thuong-hieu-my-vo-hop-kim-cao-cap-trai-cay-ep-kiet-98-dung-tich-0-6-lit-cong-suat-400w-hang-chinh-hang-p186254487.html?spid=186254497,38,,Đã bán 4,dodungnhabep
Nồi Hấp Điện Đa Năng 3 Tầng Braburg- Hàng Chính Hãng,599.000₫,https://tiki.vn/noi-hap-dien-da-nang-3-tang-braburg-hang-chinh-hang-p165972136.html?spid=203498387,39,,Đã bán 6,dodungnhabep
Nồi áp suất đa năng COMET - CM6150 5.0L - Hàng Chính Hãng,1.526.000,https://tiki.vn/noi-ap-suat-da-nang-comet-cm6150-5-0l-hang-chinh-hang-p165045807.html?spid=165045808,40,,,dodungnhabep
