,title,price,link_item,index,discount,sales,category
0,Máy đọc sách New Kindle 11th 2022 (16GB) - Hàng nhập khẩu,2.680.000₫,https://tka.tiki.vn/pixel/pixel?data=UlYJoOOpadC2MiNAoE18rJZ6p7gskA1rYf0jGqi2OeMWSuzSlp6xsM-IoPS_xXv9LgPBcVhyhA4xD5i5QbwpzsYpc5kuyFUgvrBXcSD2MF5UJPL9STnA0EGiXBkxUBad2FyTpt4ux6hdWFDDka5ruOkbdlbKmiekb2R2RmsBfUK0QOEoeXSj4VEQPuMfjTah4kd1YL1ODaqKHOxgJKKxsSt6vpSMohm6k3BGowLu0tF6umh-PQGKQHhsVncANOUYdRvj4Zjqqbq1qfETC9L2KKPks8mpzRkAAgF6YvehvC9HXM-7PiqZnNEIo2QwQ8WeOoJKin1b1ae_TPhAA_9LZ4jPdtjU0rq7I8TDpan2w0brE90qCp81fspQ7rKGd_maejVuFbNUSusNnYQ5uuHL0udRp15sRlS83Lt_r0FTw_usXmqeSU3eKM0HOGWTBulwH22cic96BSUX61LLav9zBcoTfq1RdxtaOD-2LpmPz4vtX3OFRS6icZKQxASs7XQVwc-h-EwyPioURhPtt6vmmOsUag-11LVJXwm6429b2Qt-5yF-jW4_9Qql1QnUlPrPRAlgHH-eoD5vqs9P0TvdCIJxugFxY8J5YR26k0zL3ZtnGL8Vvbyr-vgM06QnBknY_lQjhDJtR0LL677f_2GNkGs8dP87h7FFvNe9tn1iHGoVpS1AWel-QbnmdF5xyu4l9-GkyrxVb2d1hmdppKvz_TVZJAY0CLKGpvXT7gPUjOCmA1ULEXtU8H9kfzY11mK-qnTwVwljhXzwKM8utd3srieJbjJv5fEgHm6ErEENyopGJvK49Gscc2OEOx1xeROeMn0DrrLFcU7ICVY1ruch6jQoZECarIGL8xvAeoobmpskDmX2cxnSM95LcBQCAxzhH7MkrqLi_iApzQoN4Aiy6_dMw6UXAWhxF01s5DRxmAEgZpc3oJ1lMq3nVsgRV8FzFVmUbuFI3F_CLEueARJliFQ88eJ_BpQa0ZQH7gLlsJWrScO_aM-f-VDYnpdHBUztJ2X-0DI&reqid=Kn35AuMJmOH9PsqM&type=CLICK&pos=1,1,-4%,Đã bán 3,maydocsach
1,Máy đọc sách All New Kindle Oasis 3 - Hàng nhập khẩu,6.896.000₫,https://tka.tiki.vn/pixel/pixel?data=xNEDbZm8jyUdfafS16snOhcdZ5VndrCOA7va7jjfdBCMFLAua0pj_ShYtU7WNA09gp0Foe-W8jwMttWb4kpaNGzg3wFyRgVebfByj_nCmSzSP14eyYbwVuVehOBCwKFRYA0ErXmv2pffV9KbHFcAmC7sZ8yBdDB1Yy7tJyAEc7hcV1ZhrE8U8QtVlmaSYS6MUHRC2796Ju3rHazg-EkhQs6Y4tfBmQ4kEFftDUehru_OwJOua5sbz1_2dUgNWU49EiwTU_I5WWa72G8tXR2RuuG7pHcCYF9yFOcuGo0NmuXHKTuEYOf6_rKF_oYYlGIPr3n31qpfGenSRNVVL2MPIp_ESIdtxzF4DlL5_pvAq9ZZAsx4s17NWOKpajmHcY6wRaEUQbcD2r-7wL1RdygTEK59JLO0h2SUSNFZeeCMgAev4LrgfGDJCo2v-uaMKdtB4WxWMYAzNmr_GOCdJIJSuLXMtA0GxR73b0cZ5kyHvZmwcpkntyWQt0CGUgE6YC-wX3v9ZSeh2C-eGrIZ-bmYcLQt-tcqSGYQFrlG2eMhrgfWm4WIyD8CmbNXyk4LoAf5x03aD5g49cDZSvUZM0IkBS9PysaPnSgVsHao_A2kd8xvk9huOASo0iN0CHMKuzMZHX_HdlqgUdINwCg8AXvI5Ke-Qvp-0eHFM7OITEoILL0tA__z3oEH-DIW0E8VnmOMUsTTQxUJEwHJXl4gtlPskQLS8iAc4w2ixA-MfFGXZWGIEaTbtmJiSR-_5wOVKNUMVOyhBGGVE21BLhBE6dfO1CH_7Zs5arJ2ytirlX38H3AUgtx511uZ6jEyTmeaxOdB232CI-XkrnuNU7y-JXsDUkposELCxU2Szf90SnHuY7GF8PK8mdEAhtg-6l4tdVEiv1UaN7OkRv7luXh86w21x9w-uhy8KrFMuX_W7w6PABhnbbVu5wTgJO6y7aA9sJKbUl9QZEFOssA0TGmmU3NKYnrp64X4-e-LcDC2uW5UTfzvV_UOpx5FdAwwWIv6KptdG8zW6hcmwx2FWuWeRA&reqid=Kn35AuMJmOH9PsqM&type=CLICK&pos=2,2,-11%,Đã bán 16,maydocsach
2,"Máy đọc sách Kindle Scribe – thế hệ đầu tiên có thể đọc và viết, màn hình 10,2” 300PPI, đèn vàng warmlight, bộ nhớ 16-64GB, đồng bộ dữ liệu qua Microsoft Word - hàng nhập khẩu",11.390.000₫,https://tka.tiki.vn/pixel/pixel?data=6uqwK8lFZxKXFXvy2vHRFFMYJ_-byi3Bo7IHecuy4HvHZFyNJRYmRv_zW5MXTRBuLxABN4i_X6dUXDi-FeXdCjb4JMH48F_J7rlshB2DGcEKvCftTGa-v-S0oQiL0vIAGPRBF7E9SPOZSOA-LSM6CMYtOi79fqLDdW-gI3Sh9yKivnZiO2Hm_TqMID51vmOvA0DlP_Zi8rL477aIcJjDCUhsicyvf6vZQzmXlOxWE3_jxWL3IV3_aXDmbLGQLP7QE8rH8F8bXVh81FyLlnsF6pgTBbC77qnBR6wA75kJ_atyqzsGTNJCiO0W8cjwpWuEceTteN81TXcATVJGtMmpIA4042MQ_FrOuUm2o9HOj3h2gDtm3Vv4K4edqdUQ4x7o9KSVuxD0FepwVwO1kwWgjpNY_7pxavjqupHQGK8s5UsAmZgLA-57gntMartLiOWWvQH4wJXtcuEaW5kznPrDAebs6pLuq52S-dWz6zJlmSzasEjPunE3kH4eGFQCyZp4YYgT9fg-7qBkSYPOshd48ybW78pj5ZEiUBd5VBke01yzWphTrRwqx2VoWPPoic8SII7p6Rb6Ksxgo1_S3btY_ZkGGJ1OCzA4epEFVYhd3CiSWbAvUC5nt61BZbg7BDYagHmbFtQZiYaf1SXmDJYqgcmiWjQ6imF3WvBJaHtDlaqy59Lp8nJ9upz7ZSg5NABuezv-l9B9ITUDt6jYmP5qOtG9-y926QPWEcwaT-4Hhr0ukAwjj3XMnS6r1Y5L_-H2-L3euuDMVDvpzDktyh8Ic-JaxbEEXUK12PBP76xMgpYg9fsUbUVQ0TSnrN6-a8ACdKVAspCIebtze64KGo9Yrtl8IBjhklvhXnpg836j_aybNDPsCpLJfzUI3LMlsgmjFPULqeQDoIfwvks9gZA444i-BOSpr0CNOTYsl4uiTUvXS7hbh1uU1tPH0eE4XLTiJxVH-82d7sCJA-e3D5tH_IfJjFiQVT8zCIny71eBkUyFbXaKpTN_JwQNuhl7eipDzD0kWfCGr8V94_x375mP9uDyQDZJhmwnDkFmS_D9x8ocblIMjFTzP6qmKXxJL4HBu5-PeSLDliGYpZUKzAAkfjpnyfS-YbDsmy8BMNudAkQ_KK1_foT2sz8f2iUjDLRbDBwbjnAPu7qT0BERKDdlffFGXpcUDwxns_PHBi2AkilG&reqid=Kn35AuMJmOH9PsqM&type=CLICK&pos=3,3,-11%,Đã bán 3,maydocsach
3,Máy đọc sách Kindle Oasis 3 (2019) - Amazon - Hàng nhập khẩu,5.790.000₫,https://tka.tiki.vn/pixel/pixel?data=y-0ddluuFg86KGZ4q94ce4g2qEZIWCTtsbXMYkeBsGh603_7huNrWpweYs8Derae_-ewKPUld2L69SygP9G-8qbPcojKt_bCnps9Ajm1cWteahFySuu9icCczI6L8W34wO-KaL4mWYY9i69wdHvKCZnIg-l982_pryV_YczKkn6aoUTVv6D4v0u1BfAOa7qClviOhOMkZKwiNADpUMnL9v3SJACLku60ZPgIXf--Rk7JWAK4aMUnzL0MnSK6TlAOwJf_Lmp_GvHh2or0_53R3lgccgvPiLtejmewAOBwr0zkDTGzWrcdk2S9Hks0sNjb9M4GTC4IZl49SMdRhrXrfoIEmkgewdN-YFX4sIR19qT-FNAt3j8Hs4WsqwYBZOivf0JZnc_0joXSADPmCTyLPoWhAY2k91pQ4_1h-UHUS9i95bvN7Rx71V-BxXC9IZ8swRl4wtz04q_B6mxy8NnUDOGjB5ap2YH9bi1xZY0-_Yx8fRYu4dvlNGqwQA5KaUiJVHMnHxHAqjfNEUsqZdNrp1hrWIXtPqHrENxQaFKDsnqhmKwskgPExi16ZpcNReIGp2fwYnebCABkVWGuM0nrctRXY9eQToGqRjG0oLghVrdq4RccwjGertMi-9pqDbvlHoCnVZNwcsLXUnnmR8K8PGFy4rbLZBjLmSjlTsyQepgMo2xBjBLJW7CubKVtc6CsIMX7EV9YHG5hROs-g8QAJq1QyBiQ_J4cxIlq40iGp69pseiMS65xrMqpWWLAP79qgAmmH5DNrpJEJ7ACXZwosk7qtbLKDeD4_wGtdRq8IieoJnZ9-SsNt0a_mbe4nxYygDoee3nkGakjpAq12ZJTm6VB85GsbK5eKm2_wtTtDHChjc2IP1p-t1NWEyd3n1OMK4UoL5TEOCGifkwKBah5rd9BTXu4Hxm6uIctySwp47cssiycQFyIcAVYTEdCmdxskOFBtIJJ3OLq960TrsHd-_XJCztjpdP9sKX3kK6DGSFbUv9uwNezPo2qG94s8AMlE3yiTK4jNQ&reqid=Kn35AuMJmOH9PsqM&type=CLICK&pos=4,4,-14%,Đã bán 35,maydocsach
4,"Máy đọc sách Kindle 2022 (11th) - All new kindle 2022 11th màn hình 6inch 300PPI gấp 2 lần độ sắc nét, 16GB bộ nhớ trong với cổng kết nối USB-C - Hàng nhập khẩu",2.680.000₫,https://tka.tiki.vn/pixel/pixel?data=BU04cM7xiTAbQMdfIGBsInbH6uufT5FZ2rn4lGvBZ7saTJ-sA9h6_unIc0mtxzHZab3SB62gWDyC_Vd7WpkYHsYhr1aRAi0ncVI3xnl_1bgJ2UkER-SYp3yS1QYVRurfwZMrmFIIm2jlP2iitRLIJwKc025OACKTFnRYUOZXVsGZfZf8ySZKYt_GISCaxurEBIbGcn6Uzl1oDHeEdTIYeyEcoF1EifwuU6GKdYxPTtx_pr42dbl08W7QqgCrW4oyneT4rhx99tXsrq4gqqx-WQjvdleLbEiIOn2Pmq9dbNwMuj84qq2kJa7BwQ73H1ctaexEuB-GxKfh1wUnlkXkJggdSCsAY40rUDTsQdG6WzyxEBGDlq--k46hesCQ0fonG926XAtM4s184ug89t_07Z_yIPwBpeT3yzpBn4Mo23cPHFnlze9-c7rQdeHuWiGXpKzhRM6HioLqgP-cp6ucUtyBfXG-CXfJEjMnzDKMhX8ezLFN0QYkQBLOYMdp9ArhNzCi9WGN1f7gmiO0XdYxMnFUBDtZLWthw47J5NHLnOvOVTYkl0l4N1-BxzhViurx1mGgMqRYS7KAs3pZuEWoBkw_M5OBFsutVEWe5AoysKQO9R3ig70yG88e8yxIJpY5RBzUbN2rQiiy3T2H6GPNaU4w-aGouOcM-nw95ZVxxLCEe3DOUb0JY3lzBINjb3aasGA2ERwvVb0zNnHKf2ifusULt8nok6fYVkorU3XFPbD25m1XvyxApuQru7_SkZ_on4gsSkeLvDJZO0bh27BEBoK5JDa_wbm8m2hDnKqHBWBMXxDF_Pwtn13Q3hBX6Vp1LMkkYoc_i7woEPh6BjBzSG6gNzZIr0W7RB4JldhL83pRb94jck97SKrzaxk9u4lc8ujReh_0_YSYqYsA6yWUHMnzamzbtPl4x9Xd9fs5Y_jJUXglpaAbAJKqBFHU_OZIrxDxQ7yL97R2FHzHNDkZRtm7WCjBvy9qnXeKtVyIH-kjJJaFqkgsFk1v_12RNHMeeMLKm6VWG4yIkty1WhROeRI3TT0jS1KDAhbfMaSP_KpxnSVqu3gDh_GIfDbIb8PDbmq9FD2x8jXtGzyFRt44zC3fFYc8QMd80MblYYem5D4JYKM&reqid=Kn35AuMJmOH9PsqM&type=CLICK&pos=5,5,-3%,Đã bán 8,maydocsach
5,Máy đọc sách New Kindle 11th 2022 (16GB) - Hàng chính hãng,3.090.000₫,https://tiki.vn/may-doc-sach-new-kindle-11th-2022-16gb-hang-chinh-hang-p214756058.html?spid=214756060,6,-11%,Đã bán 501,maydocsach
6,Máy đọc sách All New Kindle Paperwhite 5 (11th Gen) - Hàng nhập khẩu,3.480.000₫,https://tiki.vn/may-doc-sach-all-new-kindle-paperwhite-5-11th-gen-hang-nhap-khau-p125182567.html?spid=125182569,7,-3%,Đã bán 1.3k,maydocsach
7,Máy đọc sách Kindle Paperwhite 5 (8GB) - Hàng chính hãng,3.740.000₫,https://tiki.vn/may-doc-sach-kindle-paperwhite-5-8gb-hang-chinh-hang-p179547641.html?spid=179547642,8,-16%,Đã bán 522,maydocsach
8,Combo máy đọc sách Kindle Paperwhite 5 (11th gen) tặng kèm bao da ( Cover ) - Hàng nhập khẩu,3.649.000₫,https://tiki.vn/combo-may-doc-sach-kindle-paperwhite-5-8gb-black-11th-gen-tang-kem-bao-da-cover-hang-nhap-khau-p201067649.html?spid=252852429,9,-10%,Đã bán 472,maydocsach
9,Combo máy đọc sách Kindle 2022 (11th) tặng kèm bao da ( Cover ) - Hàng nhập khẩu,2.759.000₫,https://tiki.vn/combo-may-doc-sach-kindle-2022-11th-tang-kem-bao-da-cover-hang-nhap-khau-p209927605.html?spid=252075215,10,-13%,Đã bán 115,maydocsach
10,Combo Máy đọc sách All New Kindle Paperwhite 5 (11th Gen) và Bao da - Hàng nhập khẩu,3.380.000₫,https://tka.tiki.vn/pixel/pixel?data=Xjrf_bAd54GAli03H0wi7LQIoiMRrJ4o8QPfIFcX1gCjQjhnSuKVuEl-8RmPwebdoC9izRa5LGgw2_EWqFva0rgD93xJZEAXlzOF1C9KSgFfOyyRMJs8b561WzXPX3p72jgpp2OaPSVCwmwxyRqqeccVUgBdkd5xJIiWIFIUKESCFbhURw9MAft0nJFDWQ9XoEIqJZUelGrBnwgJPP2SqOTrkMoOFo58kTMXC815OEk-XkusmIqCq5i1yzuhh6T_mzOS7RKXk58hlHvVo-6CVITyrTkEuz2BEsF-0xY8aztR9Zn9Bg_IWZgFBsCIU3BNdcLjxrwrAwEXbr8JvFi1Gcpy2hybbg4Ubaaxak2_ei__shiZB80lULaGJJnXb8oYBnwR9idSezQ60CjOsIQWk5M7KPbCqt7axox6ZGCNfOQXcfdmi4Z5EUQe2foXzBXk0UZHpjO6RCUtV648m32iqsWWuTFIQmYiiEK2YKGlJILdiRdWs6T2j7kfjk7g8ybe01o6qZSb4A6nAMLzPGos3rhHWHnuuw1RFw6rMSaPvVgGrHMUSt5BpZ-sPbY1PGtQb-YcSo5TUhu18hPYc51NkdP0FKFUAYQZJS-r5wYj0h7f9xsnQiMeuK6b4l9gpLhm9ICF7-iaTktav6aBybMVRgsudmSxcUQQ7k2vLNcFkDJ9QmzUd7Irsyb9axMW0HoSyfRf8V0Z8rkq94CwgYUpRnvNB8Cd1HM8DWHXbWuk7D1uFNGF43PK-HGzzHzJLUWkDY-0k1dzqTSf9mHNX-zi2ieIvjXi2EUh1qhf_Utq7pOkVSo9SYFan_kvN-qMNudP8p-Fmyb1JW_Jgv4l_AJk1Non5BaNDUJalDiIy3Ac2c9N9wjhtZSTh_80tHLK0ncLCYpGTcsEIFXwSkAdjXGABfzBRTwctRrGlSQEuhyivL47aFWvPan7vYwtofACZv1cGoDL6bomcIMW_wQ_7Xb-zx7cuRnxAqbDOMy8cU2JFucUtiOR8hCzvTybdakMNkTYkU6TGwmJsCh_r8VabV44-ldQTL_Hnu8BS6XZRf2NNI25Kw&reqid=Kn35AuMJmOH9PsqM&type=CLICK&pos=11,11,-11%,Đã bán 4,maydocsach
11,Máy Đọc Sách Kindle Oasis (10th Gen) 2019- 8GB - Hàng Chính Hãng,5.831.008₫,https://tka.tiki.vn/pixel/pixel?data=zcDYNU-PH3QaGcz3LIKo8o6gepTdBL-FqI4LCnUCUqBORZhr4f55-vKuTUBSyAh7zM-5HRSPWP2_NpOPrkTI0e4lP6EY-OvvU1c17466EfBvPaFkSEAREELDotRhMzQr1bXeAvKW7sLJPGLpuzUPvgfPVuVqOrDWRCzlA9hJpA3w4xjZSdV2ycd7LMG0qcSima0vA6tP-Tenctep_RUeHLoYhjPgNKgeiF_lo73oDhsa5--haTjGqOvjQKxMWDNPKgR-CnAqglVv-FEiRRFAuKGg1WvtcxuV1JZoypH9jccJBqWGnbiuxwwS9s7lAqS3nt9iTR1riCxGVLEoOd-Sal3SA9jSHq_YUlw8w8jP8kIXixqDMn7NFGL2Jy2Qlk7YMXTpFtfAr_UwhYbiS8tOfmzYK1dv2MKNyhvD12O7p0P6M_SAlRqF_KnnLgxN5exLo3VXlkjre_oA4kDP9aVv6Qb4zdQxxAyrPzIDrEkKzrpi5z8cF56k2qBStfs68R-pEV66GOl-y6S1LdBx5WEx16dsV5jQZVvcucts5q0eiMwSfdhu3QACc_ZiZNkH_m0dCxVFBdtw-kkPYFQXC2zocy1QIb1cDVMGbRRMgbQ7Ld6znnGzdkBw6J_AlEkDswv7-jtdWFj9luNtwCZlKCVsZHhInL-HclM5ix-ah1OARbfc7oxPujYrqlDoe5SyZ9rwgkO-hYYSesL6jkHZPc8V-1_4CbYjezZ4KFHBNL6Z1YLw1FqPdDj5E8Inmw77VKb0iwAJZkiUyr7Kg8nGdO2AJasb2kG3eKRRaLnKXFcnzmWDfgiL1wRCME2anqqgeiIkzPvFb7eG4NqGF07rBeiVNSQDYkVfDXapxjGQO5sfEd0LJRN63kwAbt3JyUUbW7M3X3NGBhKwhTO2MU5wbKFDlL1Qt2Nb-lKlQC8mmSPX07fumfSvv3e3_53wRiCpnPxSGBM0yxKsW_6OzDq6NIVjvUI3PHVXpdZYy8n2F4U2qYXuWh0XiI2WubUyEeQO0uIbtCAGgVcyq3e64YTNT91oBUtvP5lQHkk&reqid=Kn35AuMJmOH9PsqM&type=CLICK&pos=12,12,-1%,Đã bán 3,maydocsach
12,Máy đọc sách All New Kindle Paperwhite 5 (11th Gen) - Hàng nhập khẩu,3.480.000₫,https://tka.tiki.vn/pixel/pixel?data=SvFebu9mgsS1iL-A3Rul8mrMZikNWF-Tl8rJ35tSDZoJdUJGD6bxXEGrcSamosRYlY-6qQSOc0OH4_-u-yan_EU7KEDDF8OPng5GJxmpcEUJrbxNj2mmz2kqzc5aaTVO0uLnDmiz3sPgSECVr5pqomUeRGQg8e1msKD9kFPxLW6n8Ow5kGv2DDkgLNAg4t8Db1HqmYs-d-0f1mkx5BZd4JD2DQQlak23QyEadwo2MUkS7CrvfYnRSlyungD2gb5hffwfpdvnd9D9H7ipMDk9jsGAkknMnPUO5k5fArv9_28XKxcGKjKFD2HFmSvYLDnxc3hNATzqS4RdNIQSxIns8LggEiKldkOwy2tPwX5siws_SOwbuSNkSYj_yjpiCKFCJs7B-kzbDSTM9kOtpvSs3ATbxo1ZSiMOI2luc8WqzCeBgbgSldp2VTyDT3UQNUF6C_d-SdKWl7FNeWDyLZD6y58Nck7DQd22xdf3lsibIUYItpOKgu9d5MHE80DYBZ46UCTfiCwrg6Az_ld3Bla1O_xChfkOL8pkf7pv4ukdL1FayMIHfoJ7wHu_oFjAccRR3nbZ86eWbAwnAMioPEQ05QvbX-NjScjl7lwf731SmOlOnd4zUdSZ4J8MrpmwiJdFNxObuc_FHsqqEL4GPOZTYopUUwCYXcRTw6c0gh4m5yHwcGcSAE3De_kglmdYaaf5gu7R0FM9Jz0Y8dIuTSTmME8mRG5p2xkvEaT4SobUCHa5LaUxCiBDXnMhnAM8LwFcyVEWBz14DF4BPcyD9R4ow7LohRuBFOECqf4yViAmD2wu_hO8be0LVwW2tvPDadwXe9K-IvcUBsywCQ3TdazuuWYaiRxIB9E7gLzGjot70i02b14L5ZI9ojofAfHqgpLSEg1HTiTC3UJLbxtuZXTx-U3iTU9xFsIQh0ULteQ6DTmKq0Bh7aTVrzMxWDFFTUAvXsKYdLgO5nUV9NlMLhH1i8r5w3TJ57gOudV4-5vSxU4aDQm0JdfNAl4QS_unWYvSIEGINpNDI0RKmQZduVLLQ8xyow&reqid=Kn35AuMJmOH9PsqM&type=CLICK&pos=13,13,-12%,Đã bán 1.3k,maydocsach
13,Combo Máy đọc sách All New Kindle Paperwhite 5 (11th) KIDS EDITTION (KHÔNG QUẢNG CÁO) và Bao da - Hàng chính hãng,4.161.300₫,https://tka.tiki.vn/pixel/pixel?data=x7UNxuJcdYVJvHoB7HmDz-97Be846KJ8UCjEM1Ie8EhzdiiahZYlAwaw65mTHm6X8Pxnp9tMnXvn2ngCBzXkoIyXi9n-2zdVdpuHj3zUPKWEsnnLI_uUaU--3jb8KRdn4UEvBAXEErTS4b-bO9LcL5YQKsecBOIYYMps-ts2kp7zf74b6Z9Slt6QTORAmTfNX4NXN9hdatESGf1Ae12eYcTyaN0Gk6LA3GgJmEqLCJ0fPxmjDyxX1RKsPE7B2MIWWJITMLKMzg2RNz_WeFYBNn_zbcqev3DyqrxxRkY9_THJaPUf_xgEOlJ3ridJPhI1hSeG5pVYPdlztzlOA-6e_54hN4pCR22eKncuwuoJmQmZjMox-nke01miZ4-Uqqd-GlDRXo7S322N0GKKBtNEacgbdZ79SW7P6mqPUunx0rFKZ5mQEuyrqVZIcG9Q8gSNQZb5LHHTa-aYvvywcCUuvu3uYo2Pgzi3tpdIX_6YCxpjLArCoz_m8aWd61JqJDTvaGbluE_COqb9KYMopiCLafs9kWliJX-3DIcGEBKJMhwQGH4DFmSEULlOL2-T1ytaBLP3VNZotabgcRgnR9tIknRbXCMZJ40UZRaDZbc-mjNbGg6UD0-lWzS_jtgsWyvvO4ui6T6SZ9MY1jUWlmVmg0GC1Osf472JZeHiVYdZw081Jo_YGMiZWiuFxnIMGTQ7bvETR9tE_9t_z3jJ_E5ai33H_W5OmGGSWvz6BKNqVQ_CScsikfhsF2ouQnljLfpglDZkkfB1eNomtPDFWGPIgkqUynKFndtlALmM3T6G4yAlo9a9kC34pdT9NzKeYsmpqIaJlDJ4n36sDt58BRJ1bI4l6JRedFcc9Q3mLIwa6BeMiSgNtTQioH7KmHV4bWt1J8VkTwYAv7eFTfIk49TUmQ7Eo0aevIdDf-gZ3k5MG1CpYfJDeVNXdPegiHryJLc0QhqPSBBbB87J4L-i6HOlv81481iCQ0MRf-_netzZnUaw0hyco_TVieZ4-3DIp-hak1HGWER7HhDUYpHXTJ03IuaNKLjqCX9m8wCKxHZYyYUyUK1hcX_rfRU84GHoaN0K-FJ9oUmdIO53ZlKAWf0jsBcVgRGhbuVc&reqid=Kn35AuMJmOH9PsqM&type=CLICK&pos=14,14,-1%,Đã bán 6,maydocsach
14,Combo máy đọc sách Kindle Paperwhite 5 (11th gen) tặng kèm bao da ( Cover ) - Hàng nhập khẩu,3.649.000₫,https://tka.tiki.vn/pixel/pixel?data=slyWxYXw9lM5w35TFNW88scuYo0Xr8d5iPgSwbm50G_9ahfJ9MrmisuMpIe2hyHpfa-GZUBxWVN2yyRDkKOPqyB_S0RU7O8Jc_8Jo6aBf4Pbp18G7HCn1JzcrKCYFCsGyOY256L21VIZnrh9sT8FxaxlKgDdcSPzxMYUfkTLVO3O7Bp7gu6yk4En6bmaj_oRIRa3hvg0rIEZFcCGP7qM_nhI_q8V2bVBSEKGI-X45Y3w46zjqdxa1g6z9InuWNt0TZO3ycMUa-3M3hofFjBF7vooQKmvxLoc5yBY-HhziuKxl_QUrs0-2H641Ay4qr5RUd1Ar20zPrB_rkTeihJUf1Zn0Cwzm8L73vfWRYe6ttZdPqZSGSN4O2Z6Dq3q8ugX2HAYOQBVCT4DFDNX_5qo-qblBUXLlbhINRbTtBTaoJcfm6yMcOPC_5fO9tC_7ELvQEh1Qt_uidxYP2d4WsGFUYRkTvC64iYzhQSxFF3zCvfsNnGNSIIUEzqJG4pr-96utSNfiTr-NYcqtl_p7Ks3MavPTk2bpzk8gZ62lD6ux1cVXYz-ABTuNv4Hk8czBhtMNOTXJAlg2h1jP4BY1T_xB9wv5RmIuSDIuoeH-w8jek4f9Gu0AHuYJoU4XC8dqNJLXNt7uI64gqAa-6XbtIbtqpt4fL6_0y9MGHghCHtFLRsxiE4On7bSgA1yimOHmuwxJDv2aWKohu9UJWamUE37xOFLk3A9fjKqOraQOx3ycWnSU8vzHNK-AXH1ynXzJIN6phPcHSZO6BsE3faOGfDwHfGQ6BKwYO3uERMygZYiJLIyNfRbKLlqNo-7IoFblNdPFzR4PQCiOzj2XVi20_JC5hQzDjpNJuqla4XdfoMJLatKTIOBwawnUPvZqwdrBET6810D0_eOFvWDExe5gX3wrmQA6SO34xJng2tPKYLgn_XHJ2tfzxGxvkGJoimZi9pPP0_DIqM2MneBpI0K5wU2_Jo6r96K33JvkTkBy3zcXoltPpmJkevrI2HVZLHPqtofOSKsl6mCbDZOwaC3tN0vHHTpFLDC4VLQ9bytxqy54DhzJZmeksOIfNeRECaIupTq4UbTl24yz3Aj&reqid=Kn35AuMJmOH9PsqM&type=CLICK&pos=15,15,-7%,Đã bán 472,maydocsach
15,Combo Máy đọc sách All New Kindle Paperwhite 5 (11th Gen) và Bao da - Hàng nhập khẩu,3.360.000₫,https://tiki.vn/combo-may-doc-sach-all-new-kindle-paperwhite-5-11th-gen-va-bao-da-hang-nhap-khau-p217706932.html?spid=161964617,16,-3%,Đã bán 454,maydocsach
16,Máy đọc sách Boox Page - Hàng Chính Hãng,6.680.000₫,https://tiki.vn/may-doc-sach-boox-page-hang-chinh-hang-p263798932.html?spid=263798960,17,-2%,Đã bán 20,maydocsach
17,Máy đọc sách All New Kindle Paperwhite 5 (11th Gen) - Hàng chính hãng,3.590.000₫,https://tiki.vn/may-doc-sach-all-new-kindle-paperwhite-5-11th-gen-hang-nhap-khau-p252586291.html?spid=252586494,18,-13%,Đã bán 449,maydocsach
18,Máy đọc sách Kindle Oasis Edition 3 (8GB) - Hàng chính hãng,6.690.000₫,https://tiki.vn/may-doc-sach-kindle-oasis-edition-3-8gb-hang-chinh-hang-p271218081.html?spid=271218085,19,-6%,Đã bán 10,maydocsach
19,"Máy đọc sách Kindle Scribe – thế hệ đầu tiên có thể đọc và viết, màn hình 10,2” 300PPI, đèn vàng warmlight, bộ nhớ 16-64GB, đồng bộ dữ liệu qua Microsoft Word - hàng nhập khẩu",11.390.000₫,https://tiki.vn/may-doc-sach-kindle-scribe-the-he-dau-tien-co-the-doc-va-viet-man-hinh-10-2-300ppi-den-vang-warmlight-bo-nho-16-64gb-dong-bo-du-lieu-qua-microsoft-word-hang-nhap-khau-p217548686.html?spid=217548688,20,-11%,Đã bán 3,maydocsach
20,Máy đọc sách New Kindle 11th 2022 (16GB) - Hàng chính hãng,2.680.000₫,https://tka.tiki.vn/pixel/pixel?data=IivofdaCH-apToZTBwgqyOs2cSQH5_te82Qti8Fnk_yJfKdHWvfeloq5ahabay--uBYFRAjTm7OEml4VlYOK5Rxo8q5NNizuV-YiLRcXRCam7cSNKjiGQ7vgUkHYmaD-AwS7uvM6Q_DDJ5rpss2g3n7bosF4HPy8TEtMsvsnLe9gUK9bcKGLyXeTBc747Wl_VeN795ivLrKeBVYdYunLDFH3ebBKSEHsY3ctejhvZOF2DFTRE_chb1FyrH6f9KRJh-ut9IGq3qxBZtPYvFpsZB73hbU1n73dDnaJNczsH70ZftrHlZEayT0n3cxSGWRLBgHt67H6VziUnJmfBs1CjTc-23gYzSzZlmbR25WDpeL8ga3EIgynunQjaCkzeTILTcAfBJMbGMU1aNV5eeAhpmrLRQ_0-Ms-qD8OFsHTigrbQofJfmqZi-7QdXeiJaRJvDfKndVivyzXc6IKCDRrxwBFjDw5bqP5WPuDHe5mmaT1mTe5SavhMs5XTc_Q2zNUQnH-FC4ep7OlcN7UFGxpC3ZalPXYrPDmNTUK1oxSuvF9NFHSxOO8SBCHyWo_X0Q-1pzCeBzelXbSLSaMzyJrnj278XpzpZyh5TWhrT3ObhRDPzeInbee7cv_oXfU2gNZOau-Yb7dOzsVW7ayl7GyoOdO-n85vHzaDaQpmgNO1C0kIJdeZQK86C0CZZGlMaJTBjRNjMvDli0vnRd1M5I1L1iarxxx057AuOPcL0AZxmaorWTCqDIIzH1RpSr4m3ZZTOpBk0zXY4nYsqoLNhixCKLZqIof4ujc-4Orzg_dvPLT0GaC0Nd6MtdvPT2N7ypFUu8IWYMTT1JWoqPUKqSmtjLvuKpSo5HsFbK2WzY72POj6dXOuKLMtcEYYcvS6t13XClmat7QMvoFNrHuLQozrGDBcRc7AVdcvZ4oRCwc0nESnyX7kSEhB7XRDNH8v-8AtKVoVN8sLW-cIvpj0XvjygDqXoTpHI0zS2i8oi3VyhFV-sYMFGYIvu8QHUarACwtdB4W4vpySbU&reqid=Kn35AuMJmOH9PsqM&type=CLICK&pos=21,21,-6%,Đã bán 4,maydocsach
21,Máy đọc sách Kindle Paperwhite 5 (8GB) - Hàng chính hãng,3.440.000₫,https://tka.tiki.vn/pixel/pixel?data=xcjOqjet4o_UDLqjM2uNjzz-MWbLT7EkNWSXDI6MfNlMY1J4QfGfbdTBxiyztJO82tzisN_QGsrNbUPLTlK9iEFFUAvgCQpBWUjg66M1r5Xj7H_x4LPxtCkCQQReUvOWzPNQWZQgqCT6b8BskiEdrya9FPQgH9W0XGPGeLb23kJJhhw_kGAiUaYiZ0iHRF46X42HIHIaZkur3lHcGwD2nImWuH62vLF7CVnJqQWpJF-f7d-NnHVUfq1Gx9EwGgVkIUIBUWGngmQnGPOdyEsaEALfTzopUmSiwAqAcbMi4yU-d4_DPBSHVlV6hDVZEfScepvTHIbpzBvkud-IVvXE0VHx1uIBMab_ml9ZTLPLwr1xsTAoV2ibEcXK4GQtIv78VUdot6oN7YSw4JLfZvVE0Nc1il0GZkiuT4-vtHeQReWfBjn8ylzIU2Mp6qLgiI_K-w82YUbF67z5DILoQzwE2fSnvBnj9BeAiNxHTrZuXokd60prDUR_k7t5JTNArHMhVuCbO45IXLHES8oYJwcxQk-fwY5aopz-JuEw3zMxm9DqFZTXBpa0MmG1SEJp3Hzp3zKHl2m4Z79WbSFg42hj1LjwADCIU-2lhhdpF755YqFrFkI8UDZbeSEKJUFugkLyeN_nAAoCvw0qPchRtqJJHotZWMQv5RmYWz2L4pCWeis9CU7cD8g3djEc17fpEu-R_uEFpMBjC2914AtnmB_oTQyHxhzKu0kmOOLCq32BiJfd2ScsXE2dlx1OrRANLnncUmgmur2j4eIN_it5PycBfUj_dBTaQk1sF1UgYOTburcNcIb3nttkJLXgGYgVpInxGz6iFqbfIsYLdH27O7F1qik7HwB_6kNoZE1kFQVHYEazCNHnS9xLZgbW-ylvthmmA0tAMYydsr7I5KU0aD0Rfc-S31XHi8YJV1VkBt87-4IHRxvUAx-_nbGZlcje_a4jZ43gtqM9XNi8_Euzs_DEw51cQ5dA_6YHgd0KY1P65jxASZrbO3RuuNOhOdfEF6Q76_kPBPxd&reqid=Kn35AuMJmOH9PsqM&type=CLICK&pos=22,22,-4%,,maydocsach
22,Máy đọc sách All New Kindle Paperwhite 5 (11th Gen) - Hàng chính hãng,3.551.100₫,https://tka.tiki.vn/pixel/pixel?data=zXuHvVe_ezkU2Afydq1Y7qGvhpSG8ojShXJTK1_FePPqBr3cYmkJBPgIwIzzH1UjHE1Gn8ifwVrXKsQ9iUZaQ9roKz4MIVLUF5Bh3AZzYKDfGO9rPvJZM4WYOJtohJzVYK5S8w0mj2kqH_AoF_oGVCyyT-WfVnUXlWtl8rOQ43bQhjcGy4kjZnaIU1zw_wq3BZxEyVTmkCdgE3GNPr38yajCVssRzLSyrAOIyTUnE_m8e6XXevtrHBa_jUZ5twLBTztWv4h1F-ixzkJ-B3QMcoXIA1l9yxtlIc4e98JVUTjWnLAq4HcST_k7UCCZvqSHYSbNpR3qXkClDzrgIBEspaUT6RNDfLmymDk1r0IhVRwKli8YoAmstogK7YEJYidfY1KRcAD-namnML5qSYtv1HWWVccr8XF6BTTD-2x2pmHfPj9Ju1yv5cOw6DKiWDCpQxdpTwPXK4NAEntLWBUSTqq6NM53SW4ljGLl3DDG1NBPOPFn4OLKTC3WtbF-MsVFHqWpki5KKr1l35rePa43ZZ_tDyVsWym6UhUP1bVoJlAP59GlYo3bbts89Op98evp8OClLCGw3OifePih9Xz204ZJi94rAbQwFiCtX8BabgAtxVcyIdntwe-RegdLTHSmFABpSu9KsjZvWiaOI9Je9-Uo2AbHzwcXYrTIr28_PM_Kp8tMF0AM0aKpVeFnm1-lu4Ehdp3IhM1NeT6bYYOC49asHAkbqSFtk2Ah8Ku_K-iqSKzLMvxS6k8nfqmY0FTk59d0beqXRY_uVysc-wSSktFdXcTUMWge8WVuyn-Kf28oiMTrA9R5Qmd3HpGdMrghpU0FCdwao0RfGbNN-ZVFPX__vg-of8NDsCSoEahYOYiGe75zKZyt5vzX9IQ3m1nVoHQnt4t7TPTd8VDPxGwoEaXYZDJC9XzelW2w9X7MF_-jjdSpCGFrs1wT0WHA12RpBtP3dqzARaOeiSaJT4j2s-l0ehYlclNjdLCC51lev_KcK_Pf4oH0HlCrJw8uOVsUUFZMjX4wXUkrouhe80PaLG616GGxwyBN3WxY&reqid=Kn35AuMJmOH9PsqM&type=CLICK&pos=23,23,-1%,Đã bán 449,maydocsach
23,Combo Máy đọc sách All New Kindle Paperwhite 5 (11th Gen) - 16Gb và Bao da - Hàng nhập khẩu,3.830.000₫,https://tka.tiki.vn/pixel/pixel?data=whgzSJjtw4f0zZXDwleZsudlOO1Z6Z8mYj_VQd3DURnFDa2HxNG4CpecyQiKD2fAUxcuEYB00QXsR4Q6vyi-TFDyiNAzuOWH5vusw_5PCQWlXwIcN3m_IWOroWy6qrk5H5Q4ozFzzkeGb4RQdPFXuezYxC-r05rA_qJnRGpGQGv3_Bjg3wfyYrXfvnlZhr5h-naf3FUQ7pMw_bvm_kxv3iTLVRE5yVTUpauXbzzFmPfOV7_GTflFptzCYO1q51_HU3Vt1kJ8w0-rnb6C1BTA4CFlMt2g3ddyP8daApNNHqvxZv0V83unKlx4KCzvh6dF8sB1X89UpccQTHUhp8nsddO766TT-U3IWotNmNeMvekIq0nBVIf763_57l_FNILroqy2L10Pk5yZmqrRCR3DG0NOpGJbQYsBNx2VRAlYQwaQ6pwv278fBKtP-GkyprCrmJASMIYuSvwvS9YT8L3Eir_zPo2iVC1J5-GB0d6yaKAruPkrhJqDSRtFjC_HbnCYHqa-np_ly2LQMty3xy5z2usDwgS6sbMkkgoEClVqFCpIl1wSwfhxRwkPWxAicZGayBYrwKY5CkoxvYNKF6k4phZvUkmnwOJYktfDSykmD-_2AQHbDEYJj1JrBgANrTvwBDO8bxIaqQgRpaUc-d4dlSVeK9h-m9bf6abpP97ZhQcgK88Y0qnDM8cM-2BZs0QXHyfSxXwwCBo1i2qE1HIAzsy94AMuftLvI1UeFkpBYvnm_Z4nZu0yVkI0XpELa-3mjpTXaOpXi41rzQJRjtp6q3_qO7eODavpPkCDm0ti8ysW_7t094QbZzWstTLWoW0UNTGgYMcVj02xxJOkdOOkM7p51Whrj59ZzEagwITdpe93OPXd9UkuoPbAijTQLWQ4pVv0FJvMAe5efgWpGw6RQkXxzEMVrQZchMTbtNq8wV66GCTK78vaYpfFTaUc9nTDyhlyN3K12vukWabgsN5o8tA9Yrwe0gJDJJa7a6rsbAk-yUpWvhiWg0ZGtUj194TqlaevzMbZj-pT7fkV1DV8c8D3axu1v29HfLfvNwhciuSbloH58J_1Pg&reqid=Kn35AuMJmOH9PsqM&type=CLICK&pos=24,24,-7%,Đã bán 7,maydocsach
24,"Combo Máy đọc sách All New Kindle Paperwhite 5 (11th Gen) và Bao da FOR KIDS (Bản KIDS, Không Quảng Cáo) - Hàng nhập khẩu",3.790.000₫,https://tka.tiki.vn/pixel/pixel?data=tQkrrXKRx_Ev1Q-Ut8BB_O8BZ5JZIgVlhVCmIa0mVGLrXe-TLU_al8fCuJFhOKTLjuIVWIjOD7U05NMjDVajT8ElgkO6yvOB-M84bG7Uc3JwGUDO9z_pAOD7fZzaUwuv8JxH_Iv2uSHA2nJ8LbwXlxUh1f9VDBPUJh0kzFJcx1JuImxwAk8ZgIfebOrajs2tvKn39s0utz8Iw9F_EAdaZoh3LKnmav9XOpWdNluRIm18im5DnO3b83GtIPLU03SNya9OURtdrSYHCeAhGLeew068UY2Yk5xw512j2Suy4s2bmoxE-VtUq9AnbJ7xMPDIDAMlPLfLcWvTTChdzRu-Vx5_RGb-XBEHzn2AxrApVtT5KF_ASa8LsJDN3h2zf_uPteR2ww0gEtYmKZhvPRGMUhKxNFqAZ5MkCNpjQfMjjc5iu69WGyp-kzFHS13xpuT6e-WsToUq0aQX74Dlz9NcwGBENlbFOGb8K_lwbyHlLdyJt7LR32w-gNRyuAXvZyEQp8ygqdq2LrcjJpkMCSBnAFcV0GQcJ4Q8uQDehULwGYlztTjlo3vk4CwbhebA3pAj6W13Vs6aiNWh6FDoa6LUlsLnXobfgkBuinGAD4SPJUsF6utuIZi5oTdez2hwB97bHv8JF6-tFndH4c-phTJSQYSPc1zMb4pPa1Pb7dJFtQfQPBOsZtdNIPmELH4d7n02V7p3iQXpp1Vx1cfgZiNobZ6ZG2qMP3Obm_K6wdltIAi94mxSV29-VwwebNKhsXrOKoZLn38dRgNxSTFEk9bHADlHrttGMfF0Xhgv7_ZI2SDNrnx4nSeQf2XFAgaVefTM7kGNKpWB3u4aqPOR8jcs70ZsMQ88PLRP48azrwGCvitbZCSA1NRIcAEp0MgBfW97C735Rtq7gdcB7H4UCAc4yUW8s3zbEcRFMBt9qSW2MYQnzjZ-PQvhmjDA0zUpPpsuGQF9_4JE69vdQe39K6Vt_DVnZ9GAkooiuv4idJ6DQZO9aJfQ6SHYjkC9EmYLfsASSB3GNWism4a6orECDgc5MRUgOwm0m8P68FQb-iepZuiet3c5ctRKKt1JYYHMVoe5kP0XUTBZaL0Gi8jTKzpUGl9tsL0XDyg&reqid=Kn35AuMJmOH9PsqM&type=CLICK&pos=25,25,-11%,Đã bán 3,maydocsach
25,Máy đọc sách Kobo Libra 2 - hàng nhập khẩu,5.099.000₫,https://tiki.vn/may-doc-sach-kobo-libra-2-p139632023.html?spid=139632025,26,-8%,Đã bán 137,maydocsach
26,Máy đọc sách All New Kindle Oasis 3 - Hàng nhập khẩu,5.750.000₫,https://tiki.vn/may-doc-sach-all-new-kindle-oasis-3-hang-nhap-khau-p173387789.html?spid=217289744,27,,Đã bán 56,maydocsach
27,Máy Đọc Sách BOOX Tab Mini C - Hàng Chính Hãng,12.050.000₫,https://tiki.vn/may-doc-sach-boox-tab-mini-c-hang-chinh-hang-p270707514.html?spid=270707515,28,,Đã bán 12,maydocsach
28,Combo Máy đọc sách All New Kindle Paperwhite 5 (11th) KIDS EDITTION (KHÔNG QUẢNG CÁO) và Bao da - Hàng chính hãng,4.064.300₫,https://tiki.vn/combo-may-doc-sach-all-new-kindle-paperwhite-5-11th-kids-edittion-khong-quang-cao-va-bao-da-hang-chinh-hang-p271530789.html?spid=271130591,29,,Đã bán 6,maydocsach
29,Máy đọc sách New Kindle 11th 2022 (16GB) - Hàng nhập khẩu,2.690.000₫,https://tiki.vn/may-doc-sach-new-kindle-11th-2022-16gb-hang-nhap-khau-p242434782.html?spid=242434787,30,,Đã bán 47,maydocsach
30,Máy đọc sách New Kindle Kids 11th 2022 Kèm bao da - 16Gb - Hàng nhập khẩu,2.890.000₫,https://tiki.vn/may-doc-sach-new-kindle-11th-2022-kem-bao-da-16gb-hang-nhap-khau-p226946394.html?spid=226946403,31,,Đã bán 12,maydocsach
31,Máy đọc sách Boox Note Air 3 C - Hàng Chính Hãng,13.980.000₫,https://tiki.vn/may-doc-sach-boox-note-air-3-c-hang-chinh-hang-p273175604.html?spid=273175605,32,,Đã bán 5,maydocsach
32,Máy đọc sách New Kindle 11th 2022 (Kids) kèm bao da - Hàng Chính Hãng,3.090.000₫,https://tiki.vn/may-doc-sach-new-kindle-11th-2022-kids-kem-bao-da-hang-chinh-hang-p248766283.html?spid=248766284,33,,Đã bán 18,maydocsach
33,Máy đọc sách Kobo Clara - Hàng Chính Hãng,2.925.000₫,https://tiki.vn/may-doc-sach-kobo-clara-hang-chinh-hang-p270794184.html?spid=137948561,34,,Đã bán 40,maydocsach
34,Máy đọc sách Kindle PaperWhite Gen 4 (10th) - Bản 8GB - Hàng chính hãng,2.999.000₫,https://tiki.vn/may-doc-sach-kindle-paperwhite-gen-4-10th-ban-8gb-2019-hang-chinh-hang-p6597807.html?spid=8073155,35,,Đã bán 368,maydocsach
35,"Máy đọc sách Kindle 2022 (11th) - All new kindle 2022 11th màn hình 6inch 300PPI gấp 2 lần độ sắc nét, 16GB bộ nhớ trong với cổng kết nối USB-C - Hàng nhập khẩu",2.759.000₫,https://tiki.vn/may-doc-sach-kindle-2022-all-new-kindle-2022-11th-man-hinh-6inch-300ppi-gap-2-do-sac-net-16gb-bo-nho-trong-voi-cong-ket-noi-usb-c-p209872337.html?spid=253314224,36,,Đã bán 65,maydocsach
36,Máy đọc sách Kindle Oasis 3 (2019) - Amazon - Hàng nhập khẩu,5.790.000₫,https://tiki.vn/may-doc-sach-kindle-oasis-3-2019-amazon-hang-nhap-khau-p43924153.html?spid=173476396,37,,Đã bán 35,maydocsach
37,"Máy đọc sách Kobo Clara HD 8GB đen, 6 inch, có đèn cam - Hàng nhập khẩu",3.099.000₫,https://tiki.vn/may-doc-sach-kobo-clara-8gb-den-6-inch-co-den-cam-hang-nhap-khau-p72290345.html?spid=77874198,38,,Đã bán 20,maydocsach
38,Máy đọc sách Note Air 2 Plus - Hàng Chính Hãng,13.190.000₫,https://tiki.vn/may-doc-sach-note-air-2-plus-hang-chinh-hang-p202640583.html?spid=202640584,39,,Đã bán 24,maydocsach
39,Máy đọc sách Kindle Scribe - Hàng nhập khẩu,12.590.000₫,https://tiki.vn/may-doc-sach-kindle-scribe-hang-nhap-khau-p217640502.html?spid=217640508,40,,Đã bán 5,maydocsach
40,"Máy tính bảng Kindle Fire MAX 11, màn hình 11 inch, RAM 4GB, CPU Octa-core 2.2Ghz, bộ nhớ 64/128GB - Hàng chính hãng",5.300.000₫,https://tiki.vn/may-tinh-bang-kindle-fire-max-11-man-hinh-11-inch-ram-4gb-cpu-octa-core-2-2ghz-bo-nho-64-128gb-hang-chinh-hang-p271329051.html?spid=271329053,41,,Đã bán 4,maydocsach
41,Combo Máy đọc sách All New Kindle Paperwhite 5 (11th Gen) - 16Gb và Bao da - Hàng nhập khẩu,3.830.000₫,https://tiki.vn/combo-may-doc-sach-all-new-kindle-paperwhite-5-11th-gen-16gb-va-bao-da-hang-nhap-khau-p217645692.html?spid=217645700,42,,Đã bán 7,maydocsach
42,"Combo Máy đọc sách All New Kindle Paperwhite 5 (11th Gen) và Bao da FOR KIDS (Bản KIDS, Không Quảng Cáo) - Hàng nhập khẩu",3.790.000₫,https://tiki.vn/combo-may-doc-sach-all-new-kindle-paperwhite-5-11th-gen-va-bao-da-for-kids-ban-kids-khong-quang-cao-hang-nhap-khau-p271362153.html?spid=271362159,43,,Đã bán 3,maydocsach
43,Máy đọc sách Kobo Elipsa - Hàng nhập khẩu,12.000.000₫,https://tiki.vn/may-doc-sach-kobo-elipsa-p118486668.html?spid=118486669,44,,Đã bán 2,maydocsach
44,"Máy tính bảng Kindle Fire HD8 2022 (Fire HD 8 12th) - Màn hình 8inch HD, RAM 2GB, CPU Hexa-core 2.0 GHz, CÀI ĐƯỢC CH PLAY- Hàng nhập khẩu",1.990.000₫,https://tiki.vn/may-tinh-bang-kindle-fire-hd8-2022-man-hinh-8inch-hd-ram-2gb-cpu-hexa-core-2-0-ghz-cai-duoc-ch-play-hang-nhap-khau-p217505430.html?spid=243218184,45,,Đã bán 2,maydocsach
45,Máy Đọc Sách Kobo Forma - bản 8GB- Hàng Nhập Khẩu,6.390.000₫,https://tiki.vn/may-doc-sach-kobo-forma-ban-8gb-hang-nhap-khau-p48324874.html?spid=126245023,46,,Đã bán 7,maydocsach
46,Máy Đọc Sách Kindle Paperwhite Gen 10 - Hàng Nhập Khẩu,2.999.000₫,https://tiki.vn/may-doc-sach-kindle-paperwhite-gen-10-2019-hang-nhap-khau-p40639597.html?spid=7198751,47,,Đã bán 383,maydocsach
47,"Máy đọc sách Kobo Libra H20 8GB Trắng/Đen có đèn nền vàng, chống nước - Hàng nhập khẩu",4.499.000₫,https://tiki.vn/may-doc-sach-kobo-libra-h20-8gb-trang-den-co-den-nen-vang-chong-nuoc-hang-nhap-khau-p74776150.html?spid=78513624,48,,Đã bán 10,maydocsach
48,Máy đọc sách BOOX Tab Ultra - Hàng Chính Hãng,14.900.000₫,https://tiki.vn/may-doc-sach-boox-tab-ultra-hang-chinh-hang-p225938665.html?spid=225938670,49,,Đã bán 2,maydocsach
49,Máy Đọc Sách Kindle Oasis (10th Gen) 2019- 8GB - Hàng Chính Hãng,5.690.000₫,https://tiki.vn/may-doc-sach-kindle-oasis-10th-generation-8gb-hang-chinh-hang-p25949745.html?spid=243422140,50,,,maydocsach
50,"Máy đọc sách Kindle Paperwhite Gen 4 10th màn hình 6 inch 300PPI, wifi, bluetooth, chống nước IPX8 - Hàng nhập khẩu",2.790.000₫,https://tiki.vn/may-doc-sach-kindle-paperwhite-gen-4-10th-man-hinh-6-inch-300ppi-wifi-bluetooth-chong-nuoc-ipx8-hang-nhap-khau-p191350420.html?spid=191350424,51,,Đã bán 72,maydocsach
51,Máy đọc sách Kindle 2022 (11th) Kids Edition kèm bao da chính hãng và tài khoản Free Kid+ 1 năm - Hàng nhập khẩu,2.990.000₫,https://tiki.vn/may-doc-sach-kindle-2022-11th-kids-edition-kem-bao-da-chinh-hang-va-tai-khoan-free-kid-1-nam-p247427990.html?spid=247427994,52,,Đã bán 1,maydocsach
52,Máy đọc sách kindle 2022 11th - hàng chính hãng,2.690.000₫,https://tiki.vn/may-doc-sach-kindle-2022-11th-hang-chinh-hang-p262706645.html?spid=262706649,53,,,maydocsach
53,Máy đọc sách Kobo Sage - hàng nhập khẩu,7.990.000₫,https://tiki.vn/may-doc-sach-kobo-sage-hang-nhap-khau-p140940220.html?spid=140940221,54,,Đã bán 23,maydocsach
54,Máy đọc sách Onyx Boox Nova Air - Hàng chính hãng,9.860.000₫,https://tiki.vn/may-doc-sach-onyx-boox-nova-air-hang-chinh-hang-p185755283.html?spid=185755288,55,,Đã bán 1,maydocsach
0,Máy đọc sách New Kindle 11th 2022 (16GB) - Hàng chính hãng,2.680.000₫,https://tka.tiki.vn/pixel/pixel?data=45KAFVY4msg2UVWDa8exyilmWCQjpuqNmFWEl1Pq01-Zduj7GE4DTmwn_4Mmn7m02_dX1DUQrTz6nOGG-xUXmDgpUWpIc4jsPgnRZX3EwNAoqYQ0ASOdCsqVgmosxX6Hl78z47Dnxl49KZnt06jsMW3jowRSsqK21J8-0T8E6EYdb8voAwExZsCXxneeQlRszvg8M9P3Z9VHaROx82Rq4h4YQOsJrOIPrm-vJz388hUsTEsXXiN1aAsl2h0HDKVMRboFAe6UtfkMdA-vOhLv35OIzNP4RaRSAwENDLn4lLt--eDS3B5UC1gFW4Hqv8Dp1iLFzK8Tk5dh80Y5au3b9vIGjssRMU-RQVK9a_kzIcQ6CzMdG_i30ECo8nYq9FlEXlE1bHRdlOqKNLrz-FCG9lzBvtYjUURo9aV7gcWc3IOPzyr9dnjIBYR1xBh182V6V6_R8Ss_gyztMkm2UUG89c2orq9kozrMO5wiG-XV9NKjM90BbfrNOxqJkw7Qa4QUOXzAt6R3Ws4AMg1qrXkGlkk7SxlSov-p0FvkVBHNgsTUvUTxOKw-ziGONA7MhbM4wNW9U7v8_d9ZyNNNdQJGgI1hbs3E0Oe49cIL-8xFSgEBBlNmz5CefNDne22Ghz8y-06L4aaZ9fQ3U7NOGnkEl8gM9dZfOU8tZ1lsUbttCXwb-KByOaHy3TROt_JS2ct8_YYj8Ig187I7-OK0KPoI8v7tLEJ-AWvh95BxzAPyXmrEngjVVKM1UxlaH3OOnJi7dvCxp2sB4jqPsjXeAH_ElYaCPvyp-B88qD9cZZh4ZcKLVdtY3SCmRfxSchPao-a05st63KfDgoqhJkulMn9jvTWQkUnxznjV2rBGDstYRw72nVScMK5l0AKnDVzDEM4auwIhc4VBjok-ltAPhANG-xacrJ0Py6_VOaefw_N0gebwlkNYSW3q42aZpwA8kddh9MP__W5cjUIc1QhLpkdPbutDbg7uGFsdPQ2nE-W5lRR2CIiM5_kAip_4cQ&reqid=ViEyrJMwsMKOc3BO&type=CLICK&pos=41,1,-1%,Đã bán 4,maydocsach
1,Máy đọc sách All New Kindle Oasis 3 - Hàng nhập khẩu,6.690.000₫,https://tka.tiki.vn/pixel/pixel?data=JrT4JcuX3Yckcem_uUx6MqKDqrNRFjPboRtTfM1gXcSkIJbrIEk7_pVF3vdVIXNwFp-uJaISnWsxT5UMy8u5yO5enF9zpgQuvrskyu0d8EGKfClt5BW3seBdmkc-raZaquKz0pP3CYBhroEGPBBQwI12kx2HqwjpKKktEE3FWaaOImBjpN1OnL3Qh8MSHIYdJlDcNR6gDTSPcjpoP2dS72_o9wrw3cWhwQJoXUIisSwV-NhK1Ulpfb1UGExRWFJLTKqrYci7gmB2jW68VS8Lkc9-8I2oLt8dHxtj3kP1Ts3zQsE0bDrm-ZFujMbl6bqVFMQ4vvWvWuD0ikm3nv86rrlFWvOwio2WQX8N0oM7hH0HrmqtaQhfuVLaOUswxyVpVR88NbSNCWAHqqA5MaEiqyC11mHASL1xvrFjLFXeJet3zyR9DW88ZPWueNpjN8sp9_kMdjx6e7B82MUHTSQFEHiYrWGhtIYe7WoRmnrLR_-d-MnSF71IWmhX-QpMUh2nbBDdtd3FwkjwL3rOkyDENrkLRjv5tolmcdEe1Lt2bYw0V_floX6r6VrEjvnxB2u2vClhTRyx9MwFNxzO4CmUdKtGjaoNR7oLZc9WAhBj_2fU2hbgXZwv7Y8gP69oD-pIbAwMXwtgPAEZmdIjAkgmnoujJQlqjCE1TDf6YAQuFipOlM6UXku0-1UVEgaLUxOL75HWuXcLmo1G_X5m1mW7xUE8xy1PD5Zbc64gGjL4RXW96dm5wi0TAG5UhZxV9jt1UEh-GVgFudaSVInv1BmJjU5EUydTJVdS9edY1SLndu60hzOXxvzLkRwPcsiF6keVCqYpXf-y8Oie2J_T1FOpAns-bte7S91lVtS63oFFDFLW2T4GBDl0ji1Fk2B28L3kjXi9Wcg0Mx_YRVkdVw-rgemCu0jdoBqEcJ_UMF78yxWz0sFTGyEn-fczH8Ap4VCSZ-oMg4g9i-boLPj7BlOTRoWXIBqncImyS7mQgSC_y3vCKZJsJTS0pQE&reqid=ViEyrJMwsMKOc3BO&type=CLICK&pos=42,2,-13%,Đã bán 52,maydocsach
2,"Máy đọc sách Kindle 2022 (11th) - All new kindle 2022 11th màn hình 6inch 300PPI gấp 2 lần độ sắc nét, 16GB bộ nhớ trong với cổng kết nối USB-C - Hàng nhập khẩu",2.680.000₫,https://tka.tiki.vn/pixel/pixel?data=195PZoPCQfq5qdltDQ8OxUJ6wbVTnG1COssyAqPjrLQBn5nTrGStDywutKH7S0TmpwnSHj_801Z3vsInMVblMR8aJuD-PhnsIy21g5BXCbGN3Ku4ROs4rW45W76TqNsE_Jd7b2P3f1cFjJ7euAa6lkr54x09FAHknJq2z5bIryJnrIZq5br0bxOlr13PMlx5NIbE33-6yphsgp2ANQClthOqiUdjiZ7e_rgzfhcULH2rBtpkTMy-m7fsTT3QDZQKIqGe8JXcuKrhPfhCKalklShaEvoeSpF-9_dqjxBD8RrKufLv5tkHBnewh5CcNl02pDD7JRw2gKgJdiV21Ev9aLUmEH1mMb01zLGw8e9Hzws6Ibc8h2cimKk7qG9hOXb2qOgmhWRmWWWFgrcFINhXhUlTQxX4lbF0nhU17de5V5pVfT-ztNjDphaNBzH9VTvW8Y42Ap6B4VrbleC8QzZRr_qSdBeaDvMAjngFc7mqfzZyzSitHBC9cBntXTUnluHjAsbzYJiLq-Neq1awITiersCk_au9sXJLF90SZ9rxiJTBkPwZtMQ3YrNQAOhAPlVOjZ6eAy4rzk0ySj5uInbsiYDkl8z48ZKXCNT3MI1KS_VThGBUdjQJBXWqr4DFIj9m7U78Kp84x9J9cCvvbBXbthZt-TE9Hs8qbQTCui-IDtOu28puhqZSET2JFQt_nhMCwFow8UIDs_CtFetiWTiqqlchAYGyY5raZhD2ST4WSfUpb0HgUiSvmxqK0_4lxGnulDOnxXIFxk3IBbOjMuNi_NfWhBE69RIs0gLoHFUUOyrZ7qjDzpjfIYv3rmNnh-wFPT6gOMHclRi_TJuFHgXjJKAiZkap7ROIs11l4r-4ergWmFh0w8pIP_tRRudcD7av5YawOaJXg19MNZtevor2S0VfOAB5n697CXoe50a6OTz1lqXUEsk0f0Wmq7mM2fM0BjAJu9J-HEcGoa7GClwe8rfRhpsLS2Mu8tEq1eZ1zMGsLWayGfwm8S51eQk500FzneDRPmVBFNcvD1B-hHbYCea_npVZMrUrz8Rt5Fs3RISXrgQqv6bD33bYf5rIHeAt6BWIDi-ngDCPE3ipVLiq-JsmQ4TsmI1V&reqid=ViEyrJMwsMKOc3BO&type=CLICK&pos=43,3,-1%,Đã bán 8,maydocsach
3,Máy đọc sách All New Kindle Paperwhite 5 (11th Gen) - Hàng nhập khẩu,3.330.000₫,https://tka.tiki.vn/pixel/pixel?data=SS8VR4JyxwJrO6k3ieqVqlCRcnfrSQYq6dFve8VGAi8hYWvqLecgQwWqZWkID1CxZ_8aKcbPkBnpLStCansKb_TXoAHFBxBpZb7CvKMtdgcN14e92-cjI3anw886x3L39TLvHsgJhTkWCRx3AUNEVlpHnzew5uyxHjSob5Jbd0J8Qa8f3VTA7C8HGTWA6Cq40VZfRZjvsQRMG6PNX0cAmgRllHZJF2p88xsQZp1NTowLvwHQetOU71T0pOZL-hNZNUiY8EMShhaKlz07WH5fdg0G4zsGQP-7HlPAovBjYi9aNaWFyu4ebsCvtJ5Llw9UTxL-WAPLi0OGYEbnxcaMRv4wYMEq_QRdD04mzkohqFw-M_vwwJu0123SZcQ5Wo6ptnKPBF85OEPWMf7TRDEShiNCdCEpZeOamDUtCIdtIpButPogsDwmX3vHn671UTcDl9sS27nbucivxIzzmd8IGhn1-2bjuNxJZiMV4k3OWIhZ1TCiuasoOpNpe4qtqj7lLRHiejrQSmyR9yHUUOQutg0L6pFiCwtSyqEY5YxbH9p4wvVKgp-syW3PuAk3wdcmuNed3yOf4zFUy3iX5IWDZk0K_Dq5djbAcfsGq2u_HoHtna7wq0Yokv8eXneLLw3LXXy0WvYd0Pmjon6De9UOz5QrSrOWiVxzt3obWnhVtd2cjAk2fJxjzfQPJczohh1VJAkrKxlzGqUitAY1sF7LQ_f1Sx44maTTChU9CaroGHTP-Jgy-z_Chz612LurDJBUNN20ceDLfdqcJ7XgcnDCpbmvi51s7F6vmqSXyJ6FqO7AVF0gzWWrSqRLNJjKPDOaJhQ8Xby2hP8AyWi5uEthr_-H5phojjobsEwcwcb5KH4yVYFvY7fZxn9vpgAYvjXU0Aw18PiEBv0oTI1bVKrCz_vc2H6AwiRdJ-zTf65Ff9W7VJdptmQ_nWCgKd48WiISSYPa64Z3ffBh9aDJ7P0ud0GYBdqL8g8OppgAjMoLyA_prmD88r56jXZtHE4ciPetvIiZkdHdwQ&reqid=ViEyrJMwsMKOc3BO&type=CLICK&pos=44,4,-8%,Đã bán 3,maydocsach
4,Máy đọc sách Kindle Oasis 3 (2019) - Amazon - Hàng nhập khẩu,5.790.000₫,https://tka.tiki.vn/pixel/pixel?data=pUf3PGaq_NxWiJZAkDrMCBKoiVgSTsb3iiUQ1pixDqEojTHuf894OQGWgTkC5WFfC8XLIZ_DbqRfVdJkcR2zB70Kg94o48yMS1b-6JBry_ksIG-Ouc3tscqrK9gG7aGs956vcrVoOChzvXUinI4BgM0abEKACDG9uFbmq4E4IYmKwiCgzARy2O_DMUy2FTGItvziFudN7313BZhv6fpo4fgcydV8xGlLdHQSMBnylGeIbpZNmmpGu40QugKYTaCzhHydOXUsh65zi0pek0Rz8V6-zB-PksMBTjKhD22R_mmArHXlXz1wypIA1UqFyAo3JmbV2_uvJiaHYDTI2G6-7YYDoZMbVaIm5J47SvNdtCIkGPq_x0txR6y_VnxlrzSIuTK3vnqZE3a1DqoK1aSrZtzhZoGo9rN-yhPYdeVrxB_ar3VY1s8POU35R2zOhvqTaNHGKUxO3JrxMDlHOBjaFxxKauzTRQ0RSnAQJMB4sckW11cZA6tbNDjO3p02t-fiLs5JXeNgvpJHhZEKih49ERLcHkhK5MvTa2zPKUdUoynFM3N7uXzNAqAi2K0Ksc29l7mi2N-qiouYVxpPPd3WBYaOULBYy0su4dgtc91NxI89GR-e_4itPqD3fRTAIfShaIZ8idmJGxuzXsKZhImNDKWsaurfb6uEdzh5p2IPh6H74kf7DK65xGpEWyHfh_acthZkO-Q_PXcHTfPkoLuWbpwwVcBArX5QO1_upM1zR0i_TYyp_eb-anz-ENI49q6eGUCPwCamAECOWV2YSkivXn1ZIbybS1ylFkdfHKqRO7hM5jcGnbLaJcDlwbZtcP89-WOjv8B_wvKjH0PglgcKqj0Si7Aq0ckcvDcPUkFnYSZLPLqIsFFIWfjOqWqpUHLaUS6UbnskysTnU0IMLH_0zK7xJJXM3jD1G_H4ISTDeAa9f7UIUdoYcR9nOYJS5BVsQEpzf94c9duOK3XayTcBc5veXexwBwWHOgxOIls8vsFg38tmYmer49kxCUE&reqid=ViEyrJMwsMKOc3BO&type=CLICK&pos=45,5,-1%,Đã bán 35,maydocsach
5,"Máy tính bảng Kindle Fire HD8 PLUS 2022 (Fire HD 8 12th) - Màn hình 8inch HD, RAM 3GB, CPU Hexa-core 2.0 GHz, CÀI ĐƯỢC CH PLAY- Hàng nhập khẩu",2.762.100₫,https://tiki.vn/may-tinh-bang-kindle-fire-hd8-plus-2022-man-hinh-8inch-hd-ram-3gb-cpu-hexa-core-2-0-ghz-cai-duoc-ch-play-hang-nhap-khau-p217505504.html?spid=217505506,6,-8%,Đã bán 3,maydocsach
6,Máy đọc sách Kindle Oasis 3 10th - Hàng nhập khẩu,5.922.100₫,https://tiki.vn/may-doc-sach-kindle-oasis-3-10th-hang-nhap-khau-p221518066.html?spid=221518070,7,,Đã bán 1,maydocsach
7,"Combo Máy đọc sách Kindle Scribe kèm bút – thế hệ đầu tiên có thể đọc và viết, màn hình 10,2” 300PPI, đèn vàng warmlight, bộ nhớ 16-64GB, đồng bộ dữ liệu qua Microsoft Word - hàng nhập khẩu",11.276.100₫,https://tiki.vn/combo-may-doc-sach-kindle-scribe-kem-but-the-he-dau-tien-co-the-doc-va-viet-man-hinh-10-2-300ppi-den-vang-warmlight-bo-nho-16-64gb-dong-bo-du-lieu-qua-microsoft-word-hang-nhap-khau-p273227290.html?spid=273227336,8,,,maydocsach
8,Paperwhite 5 (11th-generation) - 2021 - Hàng Nhập Khẩu,3.490.000₫,https://tiki.vn/kindle-paperwhite-5-11th-generation-2021-hang-nhap-khau-p128895957.html?spid=219140134,9,,,maydocsach
9,Máy Đọc Sách Likebook P10 - Hàng chính hãng,9.090.000₫,https://tiki.vn/may-doc-sach-likebook-p10-hang-chinh-hang-p91281318.html?spid=91281319,10,,Đã bán 6,maydocsach
10,Combo Máy đọc sách All New Kindle Paperwhite 5 (11th Gen) và Bao da - Hàng nhập khẩu,3.380.000₫,https://tka.tiki.vn/pixel/pixel?data=AMclUjJmhEKpO00DTZfANiJwJzIY0AR5oorbYljxwlghdYsPxR-NWrZu9ghS_dpVOWM_lIqdJJtKguqyABwEY580aofY7gIayh1khh3zd3bcMZyNRY_QlGvBSYS7zELjCetY4ST06NFje4c16YKYtEFzuDO72o_RcudTzjnix2v79IyqRZK45n644ggQQybcZyoeZBoRj1K0utURmklsERwDDT4xcZB7cJil-s9DvFUWWTybuDpsO1ySYpVItsBKJ_uNkkbiCocKCJJ-rwfNNLJUy0KnhRZ1JNnS7RqX2tGvc4AqZ9sqHG77PlqZ0NC7edqwzcncwn3wX8__kMFtVontN81beowrH6XRxYQvgR6uf-etTLgNrcRJ4fSPhazKYJdtJjaKFQkRAbREip2TE7kaBzn19dDPM0WuBCfIZQWxLXkuWSkP2X--zU9e2YNlG3mR4lfpVPrPyleRN3zQlKv2bmsdtQWI_Wr2CaNAgjFcDAe9Lzq6j9uYOkYWadEoO9CPpasbWdtCte3TZWQbeuVfrWObQEXlH5DoOJCep2nbyDvJVvdDAfGN04HhkMbyDLIkj_X2L9fwxDLq6Qb3JYxNoW3a4RpDkOdq40WHx2jyLVoy2fnWAwEvdSHlRFxuK0obtKleij_SaioLGL57G1n-qGwBGHCkJ4sLnugQYDWhJhZO6iWutk4_IQ7WYF3azjZbp3zKFIh7wSDW9ltyoZt5BnIpQ8q0AjWmg84A0uKR48QE-E5B5THfLJUqWvfLcLYAPIY-3ihkjGmPsXIzQXom2s65VWr3FQV8RRghja6jzst84OzMTEl3HnVoCO5EJEnPkfD6nZAIVzcLmvG9cjY8AvlAEeTtvojEVUBSMR41uPoZ0dAnLr-rvDC6lLiddwD3XRRe0RpcxHurqDZbEikLp6xUkIGmaHAThsgJAhJD6hSaFoQdgyvi_cJyAzDHHDhFNSXnR87y6tQm5KL2bfiCAiXz7A9sjuwOoLrefqR1j7Ehaq9laALbzOO3InbVXfQyTQneOwznTXVz6oLX9pb2yvt2Y-E&reqid=ViEyrJMwsMKOc3BO&type=CLICK&pos=51,11,,Đã bán 4,maydocsach
11,Máy đọc sách Kindle Paperwhite 5 (8GB) - Hàng chính hãng,3.440.000₫,https://tka.tiki.vn/pixel/pixel?data=zqiNQFRXeFucwpt0aK9gzFMmdDCky5yV2JBKmJDKdiH3jCYeaeMIY0UMfkd-UJrRWJKwdSaLyJiyNWgoQEZn7z1YLb9WCAtr3Mwp36Gxviap8jBG1m91C2Qu8ESpHZHGgLvrp_kXjYUX-PIYreH5YsXq_AgWnBeio0NfZXaAuechQI1l2g0oncMzmMSPR1pisl9LHtzfxuM59i7svE53t43-NjZ785U0IopNU6AOWuNi1I3l4PrMS7dsWEpzzbrV1njpCxMAOcPSsnuvBAtsttXj0YApyl6Ag0s-_Q0qUDAzMKU8kS9Rhc4OYcGPb4Cbec-LtRJr86Y-wsBonsDH0nGKo77qcBC9ultxC6v852vYVsEipEDnXuAyrKoD-0kEfyxNBi2oQ6JWDm6hj_tQlHpLgLTYwKHVzQWYBhDhoRxT9CJy6X82eURg5wSPX8E8XHJ_E0E8kW13W_rg9LHlpcrtvgI2PXg-PUytlUqHr3z6DiP_Hpzt4Eml1jdr-ZCmynqR0-Qb6V3IwdfM3JHT-6uXpXyeyne5ifcJV1gv27485LdDQNsj4eR1Iv422Pz0KvnxAlJC8n9sT4Deq_vsLOs6eDSWxgWzjLSeF7ofSX4bLXz1_NF50HbqdMZUnJ8CK7sCtxZS4uAhCdDWSnT7zpzZ1hzNxqid5VIiMVTSum1Xu1IcamkxeunLQJ1f4hm57RDSJjyUX_Xw-GJXcWxmgjDHy53m0VR20XoiP0QfeKuMl81ZpZh5Xx6HwsFqH4e-xaP-Gk7f_HcQUMHW20rsZ81vHWoGKNIwruCvj8CL82DpulZNA312hbl8MT0ZTAWZRdWQMSb8ZnQEXg2cLfl56NKHXLODVLcN1xApjmOHdjE843F7KzwnCNHaiPuCRorxzezxp7XtmyPJJcynv1kDXNLdvqUQOegG8PT3BoX7nICD-JbaYdWvBMtp102DAEaTSxEPJjmos4zehZq-zZVFw7Efa59qCzQYjYROqTD5UiM2OU72rmKwqa_feg&reqid=ViEyrJMwsMKOc3BO&type=CLICK&pos=52,12,,,maydocsach
12,Máy đọc sách Kindle Scribe - Hàng nhập khẩu,12.590.000₫,https://tka.tiki.vn/pixel/pixel?data=aAG5JkwW--g3Jj7elPrrW9lPuOjn0_4zHh_KErE7QqHcPdIjgio34TnMAKz-NI-xLe-XGGIdCWMaprhdVTGg5UWfvtTA6vDNYhBc_y3qjgZ44XChikjlulA2ZdEbXUbw6M2a3XA8GkKy8iNa7u-VNQFuyerFQ1thwFae_gkYl0ZIC8IL1Q-TLAc7ovY7f-x_6FsLG-BTk7Hj3s8EbSHlj-P4pWQXPjNRu0rOisQoWVIHX8BKR-IWeC-9iuK-IhmwM8zs_IFWLM_3ONIt2cLSrgi1hj9VwDtCBbogSL6ENeqYq-6xACdOobGPfne-7fFMkyxmb3Htm-YVpFp5vrzl5A6AO5kQJuw0RPo_oaDSHxSQn4--WUwvH0sXAFv1gcViwu_fy8hSatCX60ob5SgHDaLL2kqaX_efNilWME8To0abVdEaopu0SCQlVBpm6ook6TXVAAy8Wf7YysvHURnInxjOHvle-Cw6QeMUxVGV-E_nCKW1i_E_zOEAZ1QRVYjXTEPbBSF1RP9Woacjc-MmlES2cWxTMgdTDVAg8bUXIKXBi1z8wunoFQ9Xn82gqL0HX_dkM8As6a3-JOFm78m3JWGdRlSNJ5ir62U3YYI0AISdAtuGUgLK1zrYrYPn5mzmVgU5Gmt5G2UebnPqH-SK6dXz4HiPUsnVyWN3W6tDX6Qs2KbLO-GirVq7VFm07eTjQMbnY-HXKmr2nKu7GyzYr8_wbhulPAT26QLwNe9cwwrk2JjtWYXFCLaxDKL7Lb8tcVbSQ0HaG-OfFVpDDvyiSgLABfm_uZ-PRVkQM-Xfet3oqDC3FW0Bp1IbUrzGB_yIl9PKO6VemU5g6uGYlkZ_VtpakA-U3QTTQR9bVzTo_Q4VQEX7wMTh25N6S903tYuc6lQO0LpjDOvRYgQk5FtNpOT2SdbxSJPuvM2Ag7K-E8Km1eHXuzrt1OzL7sdd0fZzcBGkyR15Nu0RcsXrJmn4c5zYrC8MDBpF1PE4Jm1P6XbWQcl8E1RzMx0&reqid=ViEyrJMwsMKOc3BO&type=CLICK&pos=53,13,,Đã bán 5,maydocsach
13,Máy đọc sách New Kindle 11th 2022 (16GB) - Hàng nhập khẩu,2.680.000₫,https://tka.tiki.vn/pixel/pixel?data=PXlBHvit3TEtP8mlL2MGpZwyEUKq1nZo3uNqRlt0aqreN80Arb-10IU4E2z8Js-45Ah1xVdQ4qajqYaa5Rs6Q4HzCWpbmQU5DgDu_tU4qgGZ50hDXeWRUWsp4EiFRzR8KqpZ-gS7JjO3ZPO7aaQZiXQppkqOGqtEhBh81QDwZFMynxluRw3omL0tQQQVtO_Ik_BNnWW6h5G5jc-wU46xQGNVNl1EUo7lXARgHbF4eYlKt90kh51vYmGd5vaj1sCPIO9oshGp77rYro8ReHl75j5-rOPNm0HPmPmcriEq90kJ9A3HDrsSDfYLKK3trW5IieMaBYVrkQ3Z2tmfz-jaMaJqKZwtVDLJUQo8nj6C1Z68RSG0Z1AqGzNy59gP5E9d6FNfHb7osW33kN3BDKkDt4S6zgqtm8VSi2rhE4K-Y9fKxjFJWmur0Y3CaITY808oTKcC8cdtIROsdxVgBzUd4afl6kf4s1R12KvcbklT2Ifhm6cltj0Rm5307XUXFZLvqkKYlpSrqJmogXVX005ws38RWcUk6z4zVJK2izsW_l5N0DoMopY0WXKNcFGvzYCh9E-3o6OeNvVxuYtCoOyN9pHhEhziwYmddCc_AbnWtBXMMbpCGtQn7IV0oYEDqMfFsOov3Dd0tnHIkxhpkDnDMw8CKGYVNDzpp8atabF6KQxr2U-oDYxxNkDQtpAIKysLQW3hxCoFsmIN3swbEb3Y0pUVeIsHb0sjTAJUl6-R6tM3lW9KWltdeTW819dMlLtCJqzHhBTrGqOq2ShzAqjeez-uh28hYTIWVgGUgVrHkSoqt8vRzQ7njCIzvSChLvBJsCCt1QkBZLMjSiP7f-ZcGMbNwMirnx2dBMY6XaPw19Bz2TiCVBaueIGXg8tfoqLSyLTL8TnFu0XPTlrIak1gKKdEm7f1tJddkqaQDPTlzW0q0HXJ1rJPA3g9iNNrYbiloc5t72NaAqsyaLHLeS4GiCdzNUHSdX5oeJq1oSkuUrvWzInr7wUCPas2eWk&reqid=ViEyrJMwsMKOc3BO&type=CLICK&pos=54,14,,Đã bán 3,maydocsach
14,Combo Máy đọc sách All New Kindle Paperwhite 5 (11th Gen) - 16Gb và Bao da - Hàng nhập khẩu,3.830.000₫,https://tka.tiki.vn/pixel/pixel?data=37DY15CvQGqnidyNYEALjGL0cwA9-idlwnGlgo_4qOhFsoEDasq5gef0FbwmD_j6cls1zZjibJqUhuyxR7972WVGIrJVPvoy5wBWkwly4u3fSCzQaRbL0FlUrT34hnqMzTrq3nykdFg3qPcMtzOx825sy7FgrHFBQ8fol_O9I1j46uCBkiChBORS1fH6qNCpFrntr0fQ_r-feXgPCiDbJr0l_6AmRS0iMKjZZjeugpi1RUwen8jXCT1qWcEIs6dRnjcO-IBJHLTtHqjJUBXG0W5e8WFIrEJpq8gYu25oBoege_0QCo3ULLeCycNSErl8zvlgysVj5v2VSHBq1Q_k_bKX3fbO04piCiAN0GXohhJ5gt72uoTPWNREFRm59BnfjhfiJcGSAxwL5c02ddIkaIHr7D2iO2MR9cMBrO8MubjuARVsPIAtDj_xzhKZCHYs0xf-Bsi7VFFNh_MAyv8zOBlV3Z6yknxJl1yF8iel-Lf9tl2rdFfmnPjsVT3HGuJ2AfX3mpQxWjGXj4UyLkfACx4A53x3rqut8FF3JeXyipTepoA6IeV8kcSb0WdJm8aFjPT2QJO6z_eF6DnK4KOvEBCWqV7VT1jh_sNUiivXdFkD809e6y-sI34xfx3m9s3wFl3WH_7XGOQSoQwU0BFeBGC9Go1feSJBnT3XEgSaXmbUYziehrN2XixK-OKAq8q0rQ3FqaXLLNlF_JHG-vJ7ajNW2e_m5WrHTWAGFbb3gkd83Cp4bsud12mnEI6u5MKY2n5iqDLsZBQHQn7V8yPpKE6-pR8Nn_JCxhOuGcMUZ3TrBi92RaLYwoP1VcrodUsdJZ9Q0oWtqKzaRUA4RpVOU0bES6sGsP731zubxzyGikRS10LGZaGwD6IHYrQO3V8J8HUkbNGZI5dm13nLqK7BbrxanENngVggIGDpHhN4tuoHrQQZ0ww-zh_xAlRF8-oKPvn-4LflZxsoBqHgHOv8i2ivLJAQ3RZnJgaV6M8miZZzQpWsYgwa13Z3puKYnPvLuIECDO5JcqX8gcdNlxUYXml_AN1hHnXqLlAr_hRkYYo47OeaJA&reqid=ViEyrJMwsMKOc3BO&type=CLICK&pos=55,15,,Đã bán 7,maydocsach
15,Bút học tiếng Anh i-Tek Venus 2023 (HÀNG CHÍNH HÃNG),560.000₫,https://tiki.vn/but-hoc-tieng-anh-i-tek-chinh-hang-p197922924.html?spid=197922929,16,,Đã bán 1,maydocsach
16,Máy đọc sách All new Paperwhite Gen 5 (11th) màn hình 6.8 inch có đèn vàng warmlight,3.490.000₫,https://tiki.vn/may-doc-sach-all-new-paperwhite-gen-5-11th-man-hinh-6-8-inch-co-den-vang-warmlight-p153581522.html?spid=217739715,17,,,maydocsach
17,Máy đọc sách Kobo Nia - Hàng nhập khẩu,2.680.000₫,https://tiki.vn/may-doc-sach-kobo-nia-p148701811.html?spid=148701812,18,,,maydocsach
